Workbook

Sheet Scenario Model
A1: Watford Online-Shift Scenario Model
A2: What is the revenue impact of moving Watford's walk-in bookings online?
A3: Revenue is expressed in INDEXED units (Watford staff-assisted booking = 100), not currency.
A5: INPUTS — edit the blue cells
A6: Watford bookings per year | B6: 795 | C6: Observed: 995 bookings over 457 days, annualised
A7: Current online share | B7: 0.54 | C7: Observed Watford split: 537 online / 458 staff-assisted
A8: Target online share | B8: 0.738 | C8: Cambridge's actual share — the benchmark
A9: Avg revenue, online (indexed) | B9: 125.9 | C9: Watford online avg vs staff-assisted base
A10: Avg revenue, staff-assisted (indexed) | B10: 100 | C10: Base = 100 by definition
A11: Premium realisation | B11: 0.5 | C11: KEY ASSUMPTION — see Assumptions tab. What share of the observed premium actually transfers when a walk-in is moved online.
A12: Real avg staff-assisted booking (GBP) | C12: OPTIONAL — enter locally to convert to currency. Left blank in the published version.
A14: CURRENT STATE
A15: Online bookings | B15: =ROUND($B$6*$B$7,0) -> 429
A16: Staff-assisted bookings | B16: =$B$6-B15 -> 366
A17: Total revenue (indexed) | B17: =B15*$B$9+B16*$B$10 -> 90611.1
A19: SCENARIO
A20: Online bookings | B20: =ROUND($B$6*$B$8,0) -> 587
A21: Staff-assisted bookings | B21: =$B$6-B20 -> 208
A22: Bookings shifted online | B22: =B20-B15 -> 158 | C22: The volume moving channel
A23: Gross premium per booking | B23: =$B$9-$B$10 -> 25.9 | C23: Observed gap between channels
A24: Realised premium per booking | B24: =B23*$B$11 -> 12.95 | C24: After applying the realisation haircut
A25: Total revenue (indexed) | B25: =B17+B22*B24 -> 92657.2
A27: IMPACT
A28: Revenue uplift (indexed units) | B28: =B25-B17 -> 2046.1
A29: Revenue uplift (%) | B29: =IFERROR(B28/B17,0) -> 0.022581119
A30: Uplift in GBP | B30: =IF($B$12="","enter B12 to convert",B28*$B$12/$B$10) -> enter B12 to convert | C30: Converts indexed units to currency using the real base ARPB
A32: How to read this
A33: At 50% premium realisation, closing Watford's channel gap to Cambridge's level is worth the uplift shown in B28. Set B11 to 100% to see the (implausible) ceiling where the full observed premium transfers, and to 0% to confirm the model correctly returns no uplift when channel has no causal effect.

Sheet Sensitivity
A1: Sensitivity: revenue uplift (indexed units)
A2: Rows = target online share. Columns = premium realisation. Both drive off the Scenario Model inputs.
A4: Target online share \ realisation | B4: 0.25 | C4: 0.5 | D4: 0.75 | E4: 1
A5: 0.54 | B5: =($A5-'Scenario Model'!$B$7)*'Scenario Model'!$B$6*('Scenario Model'!$B$9-'Scenario Model'!$B$10)*B$4 -> 0 | C5: =($A5-'Scenario Model'!$B$7)*'Scenario Model'!$B$6*('Scenario Model'!$B$9-'Scenario Model'!$B$10)*C$4 -> 0 | D5: =($A5-'Scenario Model'!$B$7)*'Scenario Model'!$B$6*('Scenario Model'!$B$9-'Scenario Model'!$B$10)*D$4 -> 0 | E5: =($A5-'Scenario Model'!$B$7)*'Scenario Model'!$B$6*('Scenario Model'!$B$9-'Scenario Model'!$B$10)*E$4 -> 0
A6: 0.6 | B6: =($A6-'Scenario Model'!$B$7)*'Scenario Model'!$B$6*('Scenario Model'!$B$9-'Scenario Model'!$B$10)*B$4 -> 308.8575 | C6: =($A6-'Scenario Model'!$B$7)*'Scenario Model'!$B$6*('Scenario Model'!$B$9-'Scenario Model'!$B$10)*C$4 -> 617.715 | D6: =($A6-'Scenario Model'!$B$7)*'Scenario Model'!$B$6*('Scenario Model'!$B$9-'Scenario Model'!$B$10)*D$4 -> 926.5725 | E6: =($A6-'Scenario Model'!$B$7)*'Scenario Model'!$B$6*('Scenario Model'!$B$9-'Scenario Model'!$B$10)*E$4 -> 1235.43
A7: 0.65 | B7: =($A7-'Scenario Model'!$B$7)*'Scenario Model'!$B$6*('Scenario Model'!$B$9-'Scenario Model'!$B$10)*B$4 -> 566.23875 | C7: =($A7-'Scenario Model'!$B$7)*'Scenario Model'!$B$6*('Scenario Model'!$B$9-'Scenario Model'!$B$10)*C$4 -> 1132.4775 | D7: =($A7-'Scenario Model'!$B$7)*'Scenario Model'!$B$6*('Scenario Model'!$B$9-'Scenario Model'!$B$10)*D$4 -> 1698.7163 | E7: =($A7-'Scenario Model'!$B$7)*'Scenario Model'!$B$6*('Scenario Model'!$B$9-'Scenario Model'!$B$10)*E$4 -> 2264.955
A8: 0.7 | B8: =($A8-'Scenario Model'!$B$7)*'Scenario Model'!$B$6*('Scenario Model'!$B$9-'Scenario Model'!$B$10)*B$4 -> 823.62 | C8: =($A8-'Scenario Model'!$B$7)*'Scenario Model'!$B$6*('Scenario Model'!$B$9-'Scenario Model'!$B$10)*C$4 -> 1647.24 | D8: =($A8-'Scenario Model'!$B$7)*'Scenario Model'!$B$6*('Scenario Model'!$B$9-'Scenario Model'!$B$10)*D$4 -> 2470.86 | E8: =($A8-'Scenario Model'!$B$7)*'Scenario Model'!$B$6*('Scenario Model'!$B$9-'Scenario Model'!$B$10)*E$4 -> 3294.48
A9: 0.738 | B9: =($A9-'Scenario Model'!$B$7)*'Scenario Model'!$B$6*('Scenario Model'!$B$9-'Scenario Model'!$B$10)*B$4 -> 1019.2297 | C9: =($A9-'Scenario Model'!$B$7)*'Scenario Model'!$B$6*('Scenario Model'!$B$9-'Scenario Model'!$B$10)*C$4 -> 2038.4595 | D9: =($A9-'Scenario Model'!$B$7)*'Scenario Model'!$B$6*('Scenario Model'!$B$9-'Scenario Model'!$B$10)*D$4 -> 3057.6892 | E9: =($A9-'Scenario Model'!$B$7)*'Scenario Model'!$B$6*('Scenario Model'!$B$9-'Scenario Model'!$B$10)*E$4 -> 4076.919
A10: 0.8 | B10: =($A10-'Scenario Model'!$B$7)*'Scenario Model'!$B$6*('Scenario Model'!$B$9-'Scenario Model'!$B$10)*B$4 -> 1338.3825 | C10: =($A10-'Scenario Model'!$B$7)*'Scenario Model'!$B$6*('Scenario Model'!$B$9-'Scenario Model'!$B$10)*C$4 -> 2676.765 | D10: =($A10-'Scenario Model'!$B$7)*'Scenario Model'!$B$6*('Scenario Model'!$B$9-'Scenario Model'!$B$10)*D$4 -> 4015.1475 | E10: =($A10-'Scenario Model'!$B$7)*'Scenario Model'!$B$6*('Scenario Model'!$B$9-'Scenario Model'!$B$10)*E$4 -> 5353.53
A12: Bold row = Cambridge's actual online share, the realistic target.
A13: Top-left cell (54% / 25%) is the do-nothing case and correctly returns zero uplift.

Sheet Assumptions
A1: Assumptions, sources and caveats
A3: SOURCES
A4: Watford bookings | B4: 995 bookings observed over 457 days (11 Jan 2025 – 14 Apr 2026), annualised to 795/year.
A5: Watford channel split | B5: 537 online (54.0%) / 458 staff-assisted (46.0%). Source: VRXtra booking export.
A6: Cambridge benchmark | B6: 849 online (73.8%) / 302 staff-assisted (26.2%). Used as the target because it is an achieved result at a comparable site, not an aspiration.
A7: Channel premium | B7: Watford online bookings average 25.9% higher net revenue than staff-assisted. Note this is the SITE-SPECIFIC figure; the all-sites premium is 32%.
A8: Statistical support | B8: The revenue difference between channels is significant across the full dataset (Welch t = 7.6, p < 0.0001, n = 1,386 vs 760).
A10: THE CENTRAL CAVEAT
A11: Correlation, not proven causation | B11: The premium is OBSERVED, not CAUSAL. Online bookings may be worth more because people booking ahead are planning larger group outings — not because the booking channel itself raises spend. Moving a walk-in online would not automatically turn a £70 booking into a £92 one.
A12: Why 'premium realisation' exists | B12: That is what input B11 is for. It is deliberately defaulted to 50%, not 100%, so the model does not overstate the case. Any figure quoted from this model should state the realisation assumption alongside it.
A13: How to resolve it | B13: Only a controlled test can. Run an intervention at Watford (QR-code booking at the door, or an online-only incentive), hold Cambridge as control, and measure the actual shift and the actual value of shifted bookings.
A15: LIMITATIONS
A16: Capacity ignored | B16: The model assumes total booking volume is unchanged and only the channel mix moves. It does not model demand growth or venue capacity limits.
A17: Cost ignored | B17: No cost is attached to whatever intervention drives the shift. This is a gross revenue view, not a net ROI.
A18: Seasonality ignored | B18: Annualised from 15 months during which the business grew substantially; trend and seasonality cannot be cleanly separated on this sample.
A20: DATA GOVERNANCE
A21: Indexed, not absolute | B21: All revenue is indexed to the Watford staff-assisted booking = 100. VRXtra approved publication of findings, not of their commercial figures.
A22: Personal data | B22: The source export contained 18 identifiable staff names, pseudonymised before analysis. No individual staff performance appears in this model or anywhere in the public repository.
